Parameter,Coef.,Std.Err.,z,P>|z|,[0.025,0.975]
const,-4.368760499165303,0.03702448170892573,-117.99653357772995,0.0,-4.441327149861059,-4.296193848469547
priorfydscr_transformed,-0.5452348677626024,0.06139620659880168,-8.880595365206883,6.650345086376112e-19,-0.6655692214836342,-0.42490051404157075
mrfytdocc_transformed,-0.4094539214537209,0.08398691268506848,-4.875211010423475,1.08692208393276e-06,-0.5740652454891653,-0.24484259741827646
debt_yield_p1_transformed,-0.44865367184074817,0.09719326101842336,-4.616098556006924,3.910213058270134e-06,-0.6391489629768587,-0.2581583807046376
priorfyocc_transformed,-0.32619831277920874,0.065783116539068,-4.958693505885853,7.096882771972104e-07,-0.4551308519865832,-0.1972657735718343
OLTV_transformed,-0.2542627633728217,0.0954897034142572,-2.6627244014966616,0.007751086851412895,-0.4414191429591773,-0.06710638378646619
Division_transformed,-0.7476431571995151,0.08327182022490645,-8.978345317542326,2.748692243679053e-19,-0.9108529257674258,-0.5844333886316044
interestonly_transformed,-0.6866821082846841,0.17961032463416507,-3.8231772571166824,0.0001317429992438053,-1.0387118758191949,-0.3346523407501733
