{"gini_train": 0.45472862177187423, "gini_test": 0.3978098002209469}