Parameter,Coef.,Std.Err.,z,P>|z|,[0.025,0.975]
const,-4.416846132439588,0.03925611565199854,-112.51358059963135,0.0,-4.493786705290444,-4.339905559588732
priorfydscr_transformed,-0.761829482720536,0.04764132147623086,-15.99093935924147,1.4778564874513996e-57,-0.8552047569898431,-0.6684542084512288
mrfytdocc_transformed,-0.3871917876939797,0.059693177103685456,-6.486365887703346,8.793147779406221e-11,-0.5041882649399742,-0.2701953104479852
debt_yield_p1_transformed,-0.15103404570129386,0.08115408890684614,-1.8610774606152058,0.06273323866396292,-0.3100931371568738,0.008025045754286086
priorfyocc_transformed,-0.49158274289999104,0.05309284233135852,-9.258926840495123,2.0649716016012932e-20,-0.5956428017063173,-0.38752268409366475
OLTV_transformed,-0.3104977719823216,0.09450133849588191,-3.285644171017241,0.0010174945687300109,-0.4957169919250787,-0.12527855203956448
Division_transformed,-0.5789169907009478,0.08416070794766828,-6.8787086613021655,6.039753542392454e-12,-0.7438689471917715,-0.4139650342101241
interestonly_transformed,-0.3459055607710333,0.18757959287002587,-1.8440468682044302,0.06517631009572125,-0.7135548070309703,0.021743685488903708
