{"gini_train": 0.5646181856154886, "gini_test": 0.4842493121761613}